09:06:04,
09:09:24,
09:09:51,
09:09:56,
09:13:28,
09:13:35,
09:13:57,
09:15:50,
09:17:29,
09:18:28,
09:21:56,
09:29:49,
09:30:10,
09:30:17,
09:33:28,
09:33:58,
09:34:25,
09:34:39,
09:35:22,
09:36:02,
09:35:58,
09:36:22,
09:39:32,
09:39:34,
09:39:33,
09:39:43,
09:39:56,
09:40:32,
09:42:07,
09:42:19,
09:43:55,
09:44:17,
09:44:36,
09:45:04,
09:45:53,
09:46:12,
09:46:09,
09:46:24,
09:46:26,
09:46:26,
09:47:24,
09:47:53,
09:48:15,
09:48:19,
09:48:17,
09:48:40,
09:48:46,
09:48:44,
09:49:26,
09:49:28,
09:49:44,
09:50:01,
09:50:02,
09:50:20,
09:50:24,
09:50:32,
09:51:04,
09:51:15,
09:51:30,
09:51:41,
09:51:44,
09:52:21,
09:52:28,
09:52:59,
09:53:13,
09:53:18,
09:56:25,
09:55:06,
09:55:16,
09:55:55,
09:55:48,
09:56:07,
09:56:11,
09:56:50,
09:57:05,
09:57:05,
09:57:29,
09:57:37,
09:57:51,
09:58:15,
09:58:18,
09:58:22,
09:58:53,
09:58:55,
09:59:05,
09:59:12,
09:59:07,
09:59:23,
09:59:12,
09:59:24,
09:59:26,
09:59:26,
09:59:28,
09:59:32,
09:59:32,
10:00:04,
10:00:19,
10:00:23,
10:00:34,
10:00:53,
10:00:53,
10:00:57,
10:01:07,
10:00:59,
10:01:29,
10:01:23,
10:01:57,
10:01:56,
10:01:59,
10:02:06,
10:02:24,
10:02:26,
10:02:23,
10:02:29,
10:02:42,
10:02:44,
10:02:56,
10:02:57,
10:03:07,
10:03:27,
10:06:22,
10:03:39,
10:03:37,
10:03:52,
10:04:17,
10:04:19,
10:04:31,
10:04:30,
10:04:38,
10:04:47,
10:04:41,
10:04:53,
10:04:53,
10:05:07,
10:05:18,
10:05:32,
10:05:33,
10:05:41,
10:05:54,
10:05:57,
10:06:16,
10:06:22,
10:06:37,
10:06:44,
10:06:59,
10:07:03,
10:07:10,
10:07:16,
10:07:29,
10:07:27,
10:10:34,
10:07:46,
10:08:01,
10:08:28,
10:08:44,
10:08:54,
10:08:48,
10:08:46,
10:09:18,
10:09:08,
10:09:15,
10:09:22,
10:09:37,
10:09:45,
10:09:49,
10:10:00,
10:13:11,
10:16:35,
10:10:19,
10:10:25,
10:10:23,
10:10:24,
10:10:37,
10:13:57,
10:10:49,
10:10:53,
10:10:55,
10:13:58,
10:11:36,
10:14:27,
10:11:35,
10:11:45,
10:11:49,
10:14:40,
10:14:47,
10:11:55,
10:12:13,
10:15:08,
10:12:16,
10:12:42,
10:12:28,
10:15:25,
10:19:07,
10:15:38,
10:12:46,
10:12:55,
10:19:01,
10:16:10,
10:12:57,
10:15:54,
10:15:57,
10:13:07,
10:13:05,
10:13:20,
10:16:17,
10:13:21,
10:16:22,
10:16:26,
10:13:33,
10:13:36,
10:13:40,
10:15:53,
10:16:47,
10:13:58,
10:14:05,
10:13:53,
10:14:08,
10:13:53,
10:14:05,
10:13:53,
10:14:26,
10:13:53,
10:14:46,
10:13:53,
10:14:38,
10:13:54,
10:14:51,
10:13:54,
10:14:53,
10:13:54,
10:14:53,
10:13:54,
10:17:53,
10:15:00,
10:15:07,
10:15:19,
10:15:22,
10:15:21,
10:18:16,
10:15:36,
10:18:33,
10:15:39,
10:15:44,
10:18:42,
10:15:54,
10:15:56,
10:19:00,
10:19:07,
10:16:19,
10:16:21,
10:19:33,
10:19:33,
10:19:33,
10:16:50,
10:16:49,
10:17:04,
10:17:10,
10:20:23,
10:17:14,
10:17:18,
10:20:18,
10:17:28,
10:20:21,
10:20:27,
10:17:37,
10:20:40,
10:17:53,
10:20:55,
10:18:01,
10:21:33,
10:21:13,
10:21:03,
10:21:15,
10:18:18,
10:21:55,
10:21:36,
10:21:40,
10:18:58,
10:19:00,
10:24:57,
10:19:04,
10:19:05,
10:22:04,
10:22:22,
10:19:14,
10:19:22,
10:22:31,
10:22:22,
10:22:37,
10:22:34,
10:22:38,
10:22:43,
10:22:48,
10:19:53,
10:22:44,
10:22:58,
10:22:52,
10:22:57,
10:23:08,
10:20:09,
10:20:11,
10:23:22,
10:23:07,
10:20:22,
10:23:31,
10:20:32,
10:23:29,
10:23:44,
10:23:44,
10:20:53,
10:23:53,
10:23:51,
10:23:57,
10:24:11,
10:24:03,
10:24:03,
10:23:59,
10:21:13,
10:21:19,
10:21:14,
10:21:27,
10:24:20,
10:27:50,
10:24:31,
10:24:38,
10:24:52,
10:24:39,
10:22:05,
10:22:08,
10:25:18,
10:22:23,
10:22:17,
10:28:15,
10:25:20,
10:25:34,
10:25:45,
10:25:42,
10:25:31,
10:23:01,
10:26:01,
10:26:09,
10:23:28,
10:23:25,
10:23:34,
10:23:26,
10:26:51,
10:26:39,
10:23:37,
10:23:44,
10:26:37,
10:23:53,
10:26:58,
10:24:05,
10:24:09,
10:27:16,
10:27:21,
10:27:13,
10:24:18,
10:27:16,
10:24:27,
10:27:23,
10:27:48,
10:27:45,
10:24:29,
10:27:30,
10:27:38,
10:24:41,
10:24:45,
10:24:54,
10:27:52,
10:27:59,
10:27:56,
10:28:01,
10:25:02,
10:27:55,
10:28:00,
10:31:11,
10:34:16,
10:25:17,
10:25:17,
10:25:23,
10:28:12,
10:28:22,
10:28:34,
10:27:35,
10:25:31,
10:28:31,
10:25:38,
10:28:44,
10:25:47,
10:29:08,
10:28:53,
10:28:49,
10:29:12,
10:29:04,
10:29:01,
10:29:27,
10:26:14,
10:29:09,
10:26:08,
10:29:23,
10:29:26,
10:26:30,
10:29:31,
10:29:42,
10:30:05,
10:26:56,
10:26:58,
10:30:12,
10:30:18,
10:33:05,
10:27:23,
10:30:21,
10:30:26,
10:30:43,
10:27:39,
10:30:33,
10:30:41,
10:28:01,
10:31:00,
10:31:07,
10:30:59,
10:31:25,
10:31:03,
10:31:40,
10:31:31,
10:31:52,
10:34:44,
10:31:46,
10:34:38,
10:31:51,
10:31:47,
10:32:01,
10:35:00,
10:32:15,
10:29:09,
10:29:12,
10:32:10,
10:29:12,
10:29:28,
10:32:35,
10:32:25,
10:32:44,
10:35:35,
10:33:01,
10:33:09,
10:33:04,
10:33:06,
10:33:08,
10:33:16,
10:33:24,
10:33:34,
10:33:19,
10:33:58,
10:33:38,
10:33:41,
10:33:31,
10:33:51,
10:33:45,
10:33:43,
10:33:44,
10:33:53,
10:33:50,
10:33:53,
10:33:51,
10:34:01,
10:33:55,
10:33:58,
10:31:06,
10:33:12,
10:34:15,
10:34:20,
10:31:05,
10:34:18,
10:34:15,
10:34:31,
10:34:30,
10:34:34,
10:34:39,
10:34:56,
10:35:08,
10:35:03,
10:32:04,
10:35:04,
10:32:07,
10:32:12,
10:35:17,
10:38:16,
10:35:52,
10:35:26,
10:35:33,
10:32:35,
10:35:43,
10:35:35,
10:36:00,
10:36:26,
10:36:15,
10:33:21,
10:39:24,
10:36:35,
10:33:32,
10:36:38,
10:33:36,
10:36:32,
10:36:46,
10:33:42,
10:37:04,
10:37:06,
10:36:50,
10:33:58,
10:37:28,
10:37:10,
10:37:13,
10:37:14,
10:37:16,
10:37:15,
10:37:27,
10:37:24,
10:34:39,
10:34:37,
10:38:00,
10:37:45,
10:37:55,
10:38:00,
10:37:53,
10:37:56,
10:38:13,
10:38:12,
10:40:53,
10:38:18,
10:38:17,
10:35:11,
10:38:14,
10:41:11,
10:38:17,
10:41:07,
10:38:18,
10:41:20,
10:38:40,
10:38:29,
10:41:26,
10:38:32,
10:41:39,
10:38:48,
10:35:58,
10:38:48,
10:39:03,
10:36:05,
10:39:14,
10:39:23,
10:39:35,
10:42:26,
10:39:15,
10:42:37,
10:39:39,
10:39:45,
10:39:45,
10:42:55,
10:40:04,
10:40:27,
10:40:23,
10:40:14,
10:37:18,
10:41:00,
10:40:48,
10:43:51,
10:43:48,
10:41:04,
10:43:52,
10:44:07,
10:38:12,
10:41:27,
10:41:18,
10:38:14,
10:41:10,
10:50:22,
10:38:27,
10:44:26,
10:41:57,
10:47:37,
10:44:44,
10:41:53,
10:38:53,
10:41:49,
10:42:12,
10:39:08,
10:42:21,
10:42:15,
10:45:29,
10:41:59,
10:42:02,
10:42:02,
10:42:02,
10:45:25,
10:39:12,
10:42:30,
10:45:13,
10:42:24,
10:42:07,
10:42:28,
10:45:49,
10:39:13,
10:45:54,
10:45:32,
10:42:47,
10:39:42,
10:45:53,
10:40:02,
10:42:59,
10:43:02,
10:48:52,
10:40:02,
10:42:58,
10:43:16,
10:43:09,
10:42:22,
10:46:21,
10:46:39,
10:52:36,
10:43:40,
10:43:31,
10:46:20,
10:43:40,
10:46:42,
10:40:53,
10:44:13,
10:47:05,
10:44:07,
10:44:15,
10:44:24,
10:44:17,
10:47:12,
10:47:18,
10:44:26,
10:44:39,
10:44:40,
10:47:38,
10:44:44,
10:44:56,
10:47:42,
10:41:51,
10:45:08,
10:47:49,
10:45:13,
10:47:48,
10:45:11,
10:41:58,
10:48:07,
10:45:22,
10:45:24,
10:45:07,
10:48:04,
10:48:02,
10:45:10,
10:48:32,
10:42:21,
10:45:32,
10:45:30,
10:45:34,
10:45:31,
10:45:47,
10:45:34,
10:45:53,
10:48:44,
10:45:56,
10:48:42,
10:42:45,
10:48:52,
10:46:24,
10:49:20,
10:46:39,
10:49:31,
10:46:27,
10:46:18,
10:49:21,
10:49:29,
10:46:25,
10:49:54,
10:49:29,
10:47:06,
10:46:54,
10:49:44,
10:49:41,
10:49:49,
10:49:49,
10:49:58,
10:47:30,
10:47:14,
10:47:13,
10:50:13,
10:47:29,
10:47:22,
10:47:23,
10:50:25,
10:47:32,
10:53:22,
10:47:48,
10:47:46,
10:51:10,
10:47:31,
10:47:39,
10:47:41,
10:50:39,
10:44:48,
10:44:49,
10:44:54,
10:50:50,
10:44:58,
10:51:00,
10:48:25,
10:48:28,
10:51:04,
10:48:21,
10:48:41,
10:48:31,
10:48:31,
10:51:19,
10:51:44,
10:48:39,
10:49:04,
10:49:12,
10:51:57,
10:52:09,
10:52:09,
10:49:04,
10:49:00,
10:49:13,
10:52:05,
10:52:03,
10:52:22,
10:46:17,
10:49:25,
10:52:27,
10:49:37,
10:52:20,
10:52:32,
10:46:20,
10:49:54,
10:49:54,
10:52:32,
10:52:34,
10:52:52,
10:46:36,
10:52:40,
10:49:55,
10:49:57,
10:50:02,
10:52:58,
10:53:00,
10:50:14,
10:50:13,
10:53:13,
10:47:18,
10:53:19,
10:56:27,
10:47:20,
10:53:22,
10:53:12,
10:47:17,
10:50:30,
10:53:41,
10:50:37,
10:47:40,
10:47:53,
10:50:45,
10:50:55,
10:47:46,
10:50:58,
10:47:56,
10:51:32,
10:48:09,
10:54:26,
10:51:09,
10:51:26,
10:51:35,
10:54:38,
10:51:24,
10:51:34,
10:54:24,
11:00:42,
10:54:31,
10:55:02,
10:51:55,
10:52:00,
10:52:04,
10:49:03,
10:54:55,
10:54:57,
10:49:09,
10:52:25,
10:49:02,
10:52:07,
10:52:11,
10:55:37,
10:55:11,
10:55:12,
10:55:29,
10:55:42,
10:52:49,
10:53:02,
10:52:56,
10:55:42,
10:52:46,
10:52:47,
10:56:06,
10:52:59,
10:52:49,
10:53:04,
10:56:10,
10:52:56,
10:53:12,
10:59:12,
10:53:23,
10:56:35,
10:56:07,
10:56:19,
10:59:07,
10:53:32,
10:56:42,
10:56:21,
10:56:16,
10:53:41,
10:56:22,
10:56:44,
10:53:55,
10:56:50,
10:59:40,
10:56:44,
10:56:46,
10:54:11,
10:53:57,
10:57:19,
10:54:27,
10:57:03,
10:54:14,
10:57:13,
10:51:06,
10:54:34,
10:54:45,
10:54:40,
11:03:35,
10:54:31,
10:54:33,
10:54:24,
10:54:24,
10:57:49,
10:57:50,
10:57:45,
10:54:32,
10:57:49,
10:54:54,
10:54:49,
10:55:00,
10:57:51,
10:58:27,
10:55:01,
10:55:28,
10:58:11,
10:58:18,
11:01:10,
10:55:22,
10:55:37,
10:58:29,
10:58:46,
10:55:49,
10:55:58,
10:58:54,
10:58:47,
10:58:57,
10:59:00,
10:59:17,
10:52:53,
10:56:09,
10:56:02,
10:59:32,
10:56:11,
11:02:09,
10:56:27,
10:56:13,
10:56:20,
10:56:33,
11:02:16,
10:55:32,
10:59:55,
10:56:49,
10:56:50,
10:53:37,
10:56:47,
10:59:47,
10:57:04,
11:00:02,
10:53:59,
11:00:22,
11:00:07,
10:57:30,
10:57:30,
11:00:07,
11:00:06,
11:03:18,
10:57:30,
11:00:25,
11:03:36,
11:00:27,
10:57:19,
11:00:28,
10:57:49,
11:01:08,
11:00:29,
10:57:34,
11:00:36,
11:03:42,
11:01:26,
11:00:53,
10:58:08,
11:01:31,
11:01:27,
11:01:28,
10:55:07,
10:58:16,
11:00:58,
11:01:15,
11:01:08,
10:58:34,
10:58:23,
10:55:22,
11:01:16,
10:55:27,
10:58:25,
11:01:31,
11:01:37,
11:01:53,
11:01:26,
11:04:29,
11:04:49,
11:01:53,
11:04:47,
11:01:46,
10:58:50,
11:02:28,
11:01:58,
11:01:46,
10:55:56,
10:59:03,
11:02:01,
10:55:50,
10:55:55,
11:02:08,
11:02:39,
11:02:49,
11:02:45,
11:03:20,
11:05:43,
11:03:08,
11:03:08,
11:00:09,
11:03:04,
11:03:39,
11:03:18,
11:03:18,
11:00:12,
11:03:36,
11:03:30,
11:09:28,
11:00:43,
10:57:14,
11:00:44,
11:03:41,
11:04:00,
10:57:38,
11:03:47,
11:03:44,
11:06:40,
11:03:46,
11:03:56,
11:04:18,
11:01:19,
11:01:22,
11:04:36,
11:01:13,
11:04:13,
11:04:12,
11:01:10,
11:04:16,
11:01:14,
11:04:27,
11:04:31,
11:04:20,
11:01:25,
11:04:40,
11:04:27,
11:04:38,
11:04:25,
11:01:27,
11:05:01,
11:04:51,
11:01:19,
11:01:52,
11:04:21,
11:01:39,
11:04:02,
11:04:45,
11:04:54,
11:05:10,
11:05:05,
11:08:04,
11:02:03,
11:05:21,
11:04:58,
11:02:02,
11:07:51,
11:05:17,
11:04:59,
11:05:03,
11:05:22,
11:05:47,
11:02:20,
11:05:24,
11:02:24,
11:05:49,
11:05:38,
11:02:40,
11:05:37,
11:05:37,
11:05:33,
11:06:01,
11:06:04,
11:02:51,
11:06:05,
11:05:55,
11:05:24,
11:06:06,
11:05:44,
11:06:10,
11:05:46,
11:05:51,
11:06:03,
11:05:56,
11:09:01,
11:06:10,
11:06:08,
11:03:14,
11:06:37,
11:03:03,
11:06:12,
11:06:05,
11:03:22,
11:03:36,
11:06:25,
11:06:49,
11:03:36,
11:06:32,
11:06:25,
11:03:42,
11:07:15,
11:03:40,
11:06:53,
11:07:00,
11:03:53,
11:06:42,
11:09:46,
11:03:53,
11:09:56,
11:07:17,
11:07:26,
11:07:14,
11:04:16,
11:07:38,
11:07:43,
11:01:25,
11:07:28,
11:07:51,
11:07:51,
11:08:14,
11:08:16,
11:08:16,
11:05:04,
11:08:07,
11:07:52,
11:08:25,
11:08:30,
11:08:22,
11:08:24,
11:05:14,
11:05:09,
11:05:08,
11:11:06,
11:08:27,
11:14:14,
11:05:30,
11:08:19,
11:08:57,
11:08:31,
11:08:23,
11:11:30,
11:05:40,
11:05:58,
11:09:02,
11:06:13,
11:11:59,
11:09:10,
11:08:50,
11:06:09,
11:06:31,
11:12:12,
11:09:50,
11:06:42,
11:06:26,
11:06:28,
11:06:35,
11:09:33,
11:09:32,
11:09:53,
11:06:38,
11:09:48,
11:03:38,
11:10:16,
11:09:50,
11:10:07,
11:07:25,
11:10:06,
11:10:32,
11:07:28,
11:07:28,
11:10:27,
11:10:38,
11:07:46,
11:11:06,
11:10:39,
11:10:47,
11:13:50,
11:13:58,
11:05:02,
11:14:06,
11:11:26,
11:11:46,
11:11:22,
11:11:55,
11:12:08,
11:11:47,
11:11:47,
11:08:36,
11:11:47,
11:11:35,
11:08:58,
11:11:38,
11:11:42,
11:05:35,
11:05:53,
11:11:40,
11:12:14,
11:11:49,
11:09:09,
11:11:51,
11:14:57,
11:12:18,
11:12:05,
11:12:22,
11:09:40,
11:09:56,
11:15:28,
11:06:28,
11:09:59,
11:15:32,
11:13:10,
11:12:49,
11:15:50,
11:10:07,
11:15:51,
11:12:59,
11:13:07,
11:19:19,
11:13:46,
11:10:14,
11:19:29,
11:13:56,
11:13:56,
11:13:21,
11:16:33,
11:10:53,
11:14:09,
11:13:35,
11:16:47,
11:20:00,
11:16:44,
11:10:58,
11:16:49,
11:14:13,
11:14:03,
11:08:00,
11:14:04,
11:14:06,
11:11:34,
11:14:37,
11:11:25,
11:17:11,
11:11:42,
11:14:14,
11:17:13,
11:11:13,
11:17:33,
11:11:32,
11:12:05,
11:15:02,
11:14:47,
11:11:57,
11:12:08,
11:12:13,
11:15:16,
11:09:07,
11:12:37,
11:15:42,
11:15:47,
11:15:33,
11:15:24,
11:18:51,
11:12:41,
11:21:33,
11:18:40,
11:15:45,
11:13:06,
11:16:07,
11:16:32,
11:16:11,
11:19:16,
11:16:36,
11:13:16,
11:17:10,
11:16:31,
11:13:47,
11:19:14,
11:17:07,
11:16:42,
11:16:36,
11:19:41,
11:14:27,
11:14:06,
11:17:21,
11:17:30,
11:17:03,
11:19:57,
11:17:22,
11:17:38,
11:20:03,
11:17:20,
11:17:16,
11:17:51,
11:14:39,
11:20:38,
11:17:49,
11:14:51,
11:15:12,
11:18:13,
11:17:50,
11:18:25,
11:18:29,
11:15:02,
11:18:17,
11:18:18,
11:21:11,
11:15:23,
11:18:24,
11:15:48,
11:18:14,
11:18:26,
11:21:33,
11:21:19,
11:21:34,
11:21:35,
11:15:48,
11:18:22,
11:18:49,
11:19:00,
11:18:59,
11:19:02,
11:18:58,
11:18:37,
11:18:57,
11:15:58,
11:24:57,
11:19:21,
11:16:03,
11:22:01,
11:22:01,
11:19:07,
11:19:19,
11:19:38,
11:22:01,
11:16:31,
11:19:48,
11:19:33,
11:19:26,
11:25:09,
11:19:31,
11:20:25,
11:19:48,
11:19:53,
11:20:25,
11:20:01,
11:20:24,
11:20:25,
11:20:17,
11:23:15,
11:20:26,
11:26:21,
11:23:19,
11:20:20,
11:23:31,
11:26:18,
11:20:52,
11:17:26,
11:20:49,
11:20:49,
11:23:30,
11:23:33,
11:23:50,
11:21:18,
11:17:55,
11:23:48,
11:26:47,
11:24:00,
11:24:03,
11:14:55,
11:18:24,
11:24:02,
11:21:20,
11:21:19,
11:21:51,
11:21:51,
11:21:41,
11:22:01,
11:18:24,
11:18:46,
11:24:33,
11:21:49,
11:21:40,
11:22:02,
11:22:02,
11:18:50,
11:19:15,
11:25:09,
11:22:20,
11:25:01,
11:22:40,
11:15:58,
11:19:38,
11:25:16,
11:19:49,
11:25:33,
11:25:30,
11:22:23,
11:22:35,
11:22:46,
11:16:31,
11:22:55,
11:22:50,
11:22:52,
11:22:56,
11:23:22,
11:23:25,
11:22:47,
11:23:30,
11:26:07,
11:23:35,
11:23:33,
11:23:54,
11:23:52,
11:26:11,
11:23:48,
11:23:29,
11:23:51,
11:23:34,
11:23:50,
11:29:36,
11:26:37,
11:26:33,
11:20:54,
11:17:33,
11:26:56,
11:17:37,
11:27:03,
11:26:59,
11:26:58,
11:26:58,
11:24:33,
11:27:21,
11:24:39,
11:27:03,
11:27:08,
11:27:08,
11:21:35,
11:24:58,
11:24:38,
11:30:32,
11:27:46,
11:27:47,
11:21:51,
11:27:30,
11:21:58,
11:27:39,
11:22:18,
11:22:30,
11:28:14,
11:22:10,
11:22:20,
11:28:11,
11:31:21,
11:28:23,
11:28:21,
11:28:30,
11:22:37,
11:28:31,
11:25:48,
11:28:24,
11:25:49,
11:26:01,
11:25:50,
11:26:06,
11:25:59,
11:25:57,
11:26:11,
11:26:10,
11:29:03,
11:23:22,
11:19:56,
11:26:21,
11:26:13,
11:23:28,
11:32:15,
11:23:43,
11:29:25,
11:26:53,
11:29:41,
11:23:34,
11:29:44,
11:26:48,
11:27:18,
11:27:31,
11:27:12,
11:24:28,
11:27:46,
11:27:54,
11:24:42,
11:27:52,
11:27:52,
11:30:21,
11:24:36,
11:30:26,
11:30:31,
11:27:48,
11:27:36,
11:24:46,
11:25:06,
11:28:12,
11:25:14,
11:25:20,
11:28:17,
11:34:06,
11:25:20,
11:28:27,
11:28:31,
11:28:31,
11:31:22,
11:25:44,
11:31:45,
11:31:48,
11:31:59,
11:29:20,
11:34:48,
11:28:56,
11:31:51,
11:28:55,
11:28:54,
11:29:36,
11:29:52,
11:29:52,
11:32:26,
11:30:11,
11:32:40,
11:30:05,
11:35:59,
11:30:43,
11:30:41,
11:36:08,
11:30:48,
11:27:35,
11:31:07,
11:33:35,
11:31:06,
11:31:06,
11:33:50,
11:31:16,
11:27:57,
11:24:48,
11:37:06,
11:34:09,
11:31:05,
11:31:38,
11:31:37,
11:32:07,
11:32:07,
11:32:17,
11:37:40,
11:34:47,
11:35:02,
11:29:28,
11:32:24,
11:35:23,
11:26:26,
11:32:50,
11:29:21,
11:29:50,
11:35:46,
11:33:19,
11:32:49,
11:33:08,
11:33:11,
11:38:52,
11:38:50,
11:35:57,
11:35:58,
11:33:26,
11:33:27,
11:39:02,
11:33:41,
11:36:30,
11:36:37,
11:36:36,
11:39:29,
11:34:14,
11:36:34,
11:36:56,
11:33:55,
11:34:01,
11:36:49,
11:34:28,
11:40:06,
11:34:04,
11:37:02,
11:40:25,
11:34:25,
11:31:11,
11:34:43,
11:40:28,
11:31:25,
11:37:18,
11:37:35,
11:31:19,
11:40:24,
11:37:46,
11:34:50,
11:34:53,
11:32:15,
11:31:44,
11:41:07,
11:37:58,
11:37:55,
11:34:58,
11:38:06,
11:35:45,
11:35:45,
11:41:11,
11:35:46,
11:38:31,
11:38:38,
11:36:08,
11:38:32,
11:38:39,
11:38:38,
11:38:44,
11:41:43,
11:41:40,
11:36:11,
11:36:22,
11:35:45,
11:35:58,
11:41:44,
11:33:18,
11:39:03,
11:38:57,
11:36:36,
11:36:27,
11:36:08,
11:36:01,
11:36:45,
11:39:11,
11:39:15,
11:36:06,
11:39:22,
11:39:21,
11:36:28,
11:39:20,
11:33:34,
11:37:08,
11:37:10,
11:37:14,
11:36:50,
11:42:51,
11:40:06,
11:37:08,
11:37:10,
11:40:18,
11:43:15,
11:40:32,
11:43:22,
11:37:32,
11:37:38,
11:40:22,
11:40:22,
11:37:50,
11:37:59,
11:40:51,
11:34:58,
11:37:57,
11:40:54,
11:37:50,
11:40:58,
11:38:00,
11:40:53,
11:41:06,
11:41:09,
11:38:21,
11:41:06,
11:38:57,
11:41:41,
11:41:28,
11:41:39,
11:39:01,
11:38:51,
11:41:52,
11:39:15,
11:41:34,
11:39:20,
11:39:12,
11:38:45,
11:38:46,
11:44:54,
11:32:58,
11:39:41,
11:39:41,
11:39:50,
11:39:21,
11:42:22,
11:39:36,
11:45:23,
11:45:43,
11:40:19,
11:40:05,
11:36:58,
11:45:47,
11:40:04,
11:43:01,
11:43:13,
11:46:16,
11:43:17,
11:43:15,
11:40:22,
11:46:16,
11:43:28,
11:43:18,
11:43:17,
11:46:29,
11:46:29,
11:40:50,
11:43:47,
11:40:54,
11:44:04,
11:41:35,
11:41:10,
11:47:11,
11:44:11,
11:47:12,
11:41:34,
11:38:26,
11:41:40,
11:44:20,
11:41:58,
11:41:42,
11:44:52,
11:44:46,
11:39:14,
11:42:32,
11:48:00,
11:45:16,
11:45:39,
11:42:52,
11:48:32,
11:42:37,
11:42:43,
11:39:58,
11:43:04,
11:43:02,
11:43:36,
11:45:58,
11:43:40,
11:43:01,
11:46:06,
11:46:06,
11:46:20,
11:46:20,
11:46:22,
11:49:28,
11:43:47,
11:44:05,
11:46:27,
11:40:41,
11:49:41,
11:49:40,
11:44:08,
11:46:54,
11:46:54,
11:41:06,
11:46:47,
11:41:08,
11:43:54,
11:44:25,
11:47:04,
11:41:06,
11:50:05,
11:50:18,
11:47:17,
11:47:46,
11:50:33,
11:47:44,
11:45:20,
11:48:19,
11:45:39,
11:45:31,
11:46:04,
11:45:30,
11:48:44,
11:48:53,
11:42:47,
11:51:47,
11:48:45,
11:48:55,
11:51:57,
11:46:03,
11:52:03,
11:46:15,
11:46:35,
11:52:24,
11:49:18,
11:46:32,
11:47:07,
11:47:17,
11:50:13,
11:47:14,
11:47:07,
11:44:45,
11:50:46,
11:47:31,
11:50:42,
11:53:49,
11:50:45,
11:50:50,
11:50:59,
11:53:47,
11:48:25,
11:51:14,
11:48:11,
11:51:01,
11:54:04,
11:54:21,
11:48:15,
11:54:21,
11:54:22,
11:54:18,
11:54:22,
11:51:34,
11:54:39,
11:54:35,
11:49:20,
11:51:55,
11:54:46,
11:49:09,
11:54:59,
11:49:10,
11:49:12,
11:52:12,
11:49:27,
11:55:19,
11:52:32,
11:52:45,
11:46:46,
11:47:04,
11:52:58,
11:49:46,
11:55:43,
11:53:03,
11:53:12,
11:56:08,
11:50:41,
11:53:02,
11:56:08,
11:56:12,
11:50:34,
11:53:12,
11:44:16,
11:56:21,
11:51:00,
11:51:02,
11:51:03,
11:53:43,
11:56:48,
11:56:48,
11:53:58,
11:53:55,
11:57:00,
11:57:17,
11:54:36,
11:54:29,
11:52:03,
11:54:32,
11:54:44,
11:57:42,
11:57:36,
11:54:39,
11:55:01,
11:52:32,
11:58:13,
11:55:14,
11:58:15,
11:52:51,
11:55:32,
11:58:34,
11:46:48,
11:46:32,
11:50:03,
11:53:01,
11:55:55,
11:55:56,
11:50:31,
11:56:20,
11:56:29,
11:56:08,
11:59:12,
11:59:15,
11:56:15,
11:50:29,
11:53:51,
11:53:52,
11:56:36,
11:59:36,
11:59:42,
11:59:38,
11:54:18,
11:59:54,
11:54:23,
12:00:01,
12:00:12,
12:00:09,
12:05:42,
11:57:14,
11:57:28,
11:57:29,
11:57:33,
11:54:54,
11:57:34,
12:00:39,
12:00:31,
11:57:47,
11:57:51,
11:55:06,
11:58:00,
12:00:58,
12:01:04,
11:55:24,
11:58:33,
11:58:27,
12:01:32,
11:55:39,
11:55:34,
11:53:08,
11:56:02,
12:01:34,
11:58:45,
11:58:47,
11:58:47,
11:52:55,
11:55:51,
11:53:25,
12:02:02,
11:59:10,
11:59:22,
12:02:11,
12:02:11,
11:56:13,
11:53:22,
11:56:34,
11:59:41,
11:59:41,
11:59:41,
11:53:53,
11:53:53,
12:02:30,
11:59:47,
11:57:08,
12:02:41,
11:59:47,
12:00:12,
11:57:38,
12:00:26,
12:00:26,
12:00:17,
11:58:01,
11:58:02,
12:00:57,
12:00:33,
11:58:06,
12:00:58,
12:03:50,
12:00:50,
12:01:06,
12:04:12,
12:01:24,
12:01:19,
11:55:29,
11:55:29,
11:58:44,
12:01:47,
11:59:08,
12:04:53,
12:04:47,
12:02:14,
11:59:36,
11:59:31,
12:05:22,
12:05:17,
11:56:40,
12:05:33,
12:05:34,
12:00:07,
12:02:51,
12:00:28,
12:06:02,
12:00:33,
11:57:27,
12:06:36,
12:00:37,
12:06:39,
12:03:40,
11:58:02,
12:06:45,
12:03:51,
12:03:48,
11:54:46,
12:06:48,
12:06:55,
12:01:03,
12:04:10,
12:01:43,
12:07:16,
12:07:14,
12:07:49,
12:02:26,
12:07:55,
12:02:09,
12:05:31,
12:05:10,
12:02:45,
12:03:02,
12:08:29,
12:05:54,
12:08:38,
12:05:55,
12:06:08,
12:06:10,
12:05:51,
12:06:08,
12:09:05,
12:03:36,
12:03:24,
12:09:20,
12:06:34,
12:03:22,
12:09:32,
12:06:50,
11:57:38,
12:06:58,
12:04:35,
12:10:03,
12:07:10,
12:10:44,
12:07:48,
12:08:03,
12:10:45,
12:04:55,
12:02:19,
12:08:13,
12:11:13,
12:05:42,
12:05:43,
12:05:35,
12:08:33,
12:06:13,
11:59:27,
12:08:50,
12:11:48,
12:11:43,
12:11:58,
12:12:14,
12:09:16,
12:06:40,
12:09:30,
12:09:41,
12:06:38,
12:12:48,
12:10:18,
12:13:19,
12:07:39,
12:10:27,
12:10:27,
12:05:00,
12:13:19,
12:13:31,
12:13:52,
12:01:54,
12:11:13,
12:14:16,
12:05:50,
12:06:10,
12:15:00,
12:12:06,
12:12:15,
12:12:16,
12:12:39,
12:15:38,
12:15:46,
12:09:39,
12:12:53,
12:15:59,
12:15:59,
12:07:32,
12:10:38,
12:10:38,
12:13:26,
12:13:40,
12:11:02,
12:16:21,
12:10:29,
12:11:05,
12:17:18,
12:08:30,
12:08:31,
12:17:31,
12:11:33,
12:08:39,
12:12:27,
12:15:04,
12:06:05,
12:15:49,
12:18:51,
12:18:46,
12:18:58,
12:19:38,
12:16:45,
12:13:43,
12:14:27,
12:17:20,
12:17:25,
12:20:26,
12:20:37,
12:18:04,
12:15:16,
12:18:17,
12:18:11,
12:21:11,
12:21:11,
12:21:10,
12:18:26,
12:21:55,
12:22:18,
12:17:00,
12:22:29,
12:19:42,
12:17:16,
12:17:09,
12:23:10,
12:20:16,
12:17:31,
12:23:25,
12:23:41,
12:24:07,
12:12:13,
12:24:30,
12:21:14,
12:21:29,
12:24:21,
12:21:40,
12:24:50,
12:24:41,
12:19:24,
12:24:44,
12:24:44,
12:24:53,
12:22:02,
12:22:12,
12:22:06,
12:25:31,
12:25:47,
12:23:09,
12:26:00,
12:23:33,
12:23:50,
12:27:07,
12:27:16,
12:27:34,
12:27:38,
12:25:03,
12:22:08,
12:25:39,
12:29:03,
12:29:04,
12:29:12,
12:29:30,
12:29:31,
12:29:31,
12:29:49,
12:29:57,
12:29:53,
12:24:05,
12:30:42,
12:30:48,
12:30:52,
12:30:59,
12:31:36,
12:31:39,
12:28:46,
12:26:11,
12:25:53,
12:28:43,
12:31:48,
12:31:48,
12:32:28,
12:32:41,
12:27:07,
12:32:34,
12:29:57,
12:33:06,
12:30:04,
12:33:17,
12:27:15,
12:28:03,
12:33:47,
12:24:39,
12:33:41,
12:31:09,
12:31:09,
12:31:10,
12:34:21,
12:31:45,
12:34:46,
12:29:30,
12:35:25,
12:29:20,
12:35:27,
12:23:21,
12:36:04,
12:36:04,
12:36:19,
12:33:40,
12:34:05,
12:31:24,
12:28:47,
12:34:53,
12:37:54,
12:35:03,
12:35:28,
12:35:40,
12:38:39,
12:38:40,
12:38:41,
12:38:38,
12:39:27,
12:40:32,
12:40:28,
12:38:08,
12:41:35,
12:41:44,
12:41:51,
12:38:48,
12:36:38,
12:34:21,
12:40:21,
12:43:41,
12:44:18,
12:41:42,
12:39:08,
12:44:31,
12:39:56,
12:40:14,
12:45:56,
12:40:37,
12:38:07,
12:41:12,
12:38:04,
12:46:55,
12:44:11,
12:47:36,
12:39:42,
12:46:08,
12:49:32,
12:49:51,
12:44:26,
12:44:26,
12:47:45,
12:50:57,
12:51:52,
12:48:59,
12:52:51,
12:50:03,
12:50:14,
12:53:09,
12:53:43,
12:54:22,
12:50:05,
12:56:18,
12:56:13,
12:56:34,
12:51:19,
12:51:20,
12:54:22,
12:51:56,
12:51:56,
12:57:34,
12:57:53,
12:55:13,
12:59:13,
12:59:13,
12:59:49,
12:59:48,
12:57:18,
12:54:22,
12:54:47,
13:01:41,
13:02:07,
13:02:12,
13:02:32,
13:02:55,
13:03:35,
13:00:44,
13:01:03,
13:04:06,
13:04:18,
13:04:42,
13:04:52,
13:05:06,
13:02:18,
13:05:28,
13:05:32,
13:06:15,
13:03:17,
13:06:45,
13:07:01,
13:02:26,
13:11:18,
13:11:54,
13:06:45,
13:10:15,
13:10:15,
13:15:41,
13:15:59,
13:19:22,
13:19:28,
13:19:29,
13:19:23,
13:19:36,
13:21:30,
13:21:33,
13:19:35,
13:22:19,
13:22:54,
13:23:28,
13:23:28,
13:19:19,
13:24:54,
13:26:32,
13:16:28,
13:29:04,
13:29:25,
13:29:25,
13:30:30,
13:30:54,
13:30:54,
13:32:30,
13:30:56,
13:35:51,
13:30:17,
13:36:45,
13:31:13,
13:31:13,
13:38:13,
13:39:00,
13:30:54,
13:37:10,
13:28:43,
13:41:12,
13:36:30,
13:43:39,
13:43:39,
13:45:59,
13:43:41,
13:44:21,
13:47:57,
13:49:11,
13:44:14,
13:52:35,
13:41:25,
13:54:37,
13:54:38,
13:54:46,
13:55:38,
13:54:21,
13:57:40,
13:58:03,
13:58:09,
13:59:10,
14:01:01,
13:55:58,
13:55:59,
14:03:14,
14:03:38,
14:07:45,
14:14:36,
14:14:36,
14:14:34,
14:23:52,
14:24:15,
14:25:58,
10:15:44,
10:34:55,
09:43:34,
09:44:02,
09:44:01